Workbook

Sheet ticket
A1: ticket_id | B1: created_at | C1: closed_at | D1: outlet_id | E1: cms_id
A2: isu-sjd-457 | B2: 44427.698 | C2: 44430.523 | D2: wrqy-juv-978 | E2: vew-iuvd-12
A3: qer-fal-092 | B3: 44429.465 | C3: 44429.718 | D3: 8woh-k3u-23b | E3: cms-abc-001
A4: mno-pqr-123 | B4: 44429.375 | C4: 44429.406 | D4: wrqy-juv-978 | E4: cms-abc-002
A5: stu-vwx-456 | B5: 44430.604 | C5: 44430.622 | D5: 8woh-k3u-23b | E5: cms-abc-003
A6: yza-bcd-789 | B6: 44431.427 | C6: 44432.458 | D6: wrqy-juv-978 | E6: cms-abc-004
A7: efg-hij-012 | B7: 44431.333 | C7: 44431.368 | D7: 9xyz-lmn-45p | E7: cms-abc-005
A8: klm-nop-345 | B8: 44432.542 | C8: 44433.375 | D8: wrqy-juv-978 | E8: cms-abc-006
A9: qrs-tuv-678 | B9: 44432.646 | C9: 44432.665 | D9: 8woh-k3u-23b | E9: cms-abc-007
A10: wxy-zab-901 | B10: 44433.323 | C10: 44433.333 | D10: 9xyz-lmn-45p | E10: cms-abc-008
A11: cde-fgh-234 | B11: 44433.458 | C11: 44434.417 | D11: wrqy-juv-978 | E11: cms-abc-009
A12: ijk-lmn-567 | B12: 44434.681 | C12: 44434.701 | D12: 8woh-k3u-23b | E12: cms-abc-010
A13: opq-rst-890 | B13: 44435.396 | C13: 44435.413 | D13: 9xyz-lmn-45p | E13: cms-abc-011
... A16: ghi-jkl-789 | B16: 44437.5 | C16: 44437.521 | D16: 9xyz-lmn-45p | E16: cms-abc-014

Sheet feedbacks
A1: cms_id | B1: feedback_at | C1: feedback_rating | D1: ticket_created_at
A2: vew-iuvd-12 | B2: 44429.56 | C2: 3 | D2: =IFERROR(INDEX(ticket!$B:$B,MATCH(A2,ticket!$E:$E,0)),"Not Found")
A3: cms-abc-001 | B3: 44430.375 | C3: 5 | D3: =IFERROR(INDEX(ticket!$B:$B,MATCH(A3,ticket!$E:$E,0)),"Not Found")
A4: cms-abc-002 | B4: 44429.458 | C4: 4 | D4: =IFERROR(INDEX(ticket!$B:$B,MATCH(A4,ticket!$E:$E,0)),"Not Found")
A5: cms-abc-003 | B5: 44431.417 | C5: 2 | D5: =IFERROR(INDEX(ticket!$B:$B,MATCH(A5,ticket!$E:$E,0)),"Not Found")
A6: cms-abc-004 | B6: 44432.333 | C6: 4 | D6: =IFERROR(INDEX(ticket!$B:$B,MATCH(A6,ticket!$E:$E,0)),"Not Found")
A7: cms-abc-005 | B7: 44432.292 | C7: 5 | D7: =IFERROR(INDEX(ticket!$B:$B,MATCH(A7,ticket!$E:$E,0)),"Not Found")
A8: cms-abc-007 | B8: 44433.333 | C8: 3 | D8: =IFERROR(INDEX(ticket!$B:$B,MATCH(A8,ticket!$E:$E,0)),"Not Found")
A9: cms-abc-008 | B9: 44434.375 | C9: 4 | D9: =IFERROR(INDEX(ticket!$B:$B,MATCH(A9,ticket!$E:$E,0)),"Not Found")
A10: cms-abc-010 | B10: 44435.417 | C10: 5 | D10: =IFERROR(INDEX(ticket!$B:$B,MATCH(A10,ticket!$E:$E,0)),"Not Found")
A11: cms-abc-011 | B11: 44436.458 | C11: 1 | D11: =IFERROR(INDEX(ticket!$B:$B,MATCH(A11,ticket!$E:$E,0)),"Not Found")
A12: cms-abc-013 | B12: 44437.5 | C12: 4 | D12: =IFERROR(INDEX(ticket!$B:$B,MATCH(A12,ticket!$E:$E,0)),"Not Found")

Sheet analysis
A1: Ticket Analysis — Created & Closed Same Day / Same Hour
A3: ticket_id | B3: created_at | C3: closed_at | D3: outlet_id | E3: cms_id | F3: Same Day? | G3: Same Hour?
A4: isu-sjd-457 | B4: 44427.698 | C4: 44430.523 | D4: wrqy-juv-978 | E4: vew-iuvd-12 | F4: =IF(INT(B4)=INT(C4),"Yes","No") | G4: =IF(AND(INT(B4)=INT(C4),HOUR(B4)=HOUR(C4)),"Yes","No")
A5: qer-fal-092 | B5: 44429.465 | C5: 44429.718 | D5: 8woh-k3u-23b | E5: cms-abc-001 | F5: =IF(INT(B5)=INT(C5),"Yes","No") | G5: =IF(AND(INT(B5)=INT(C5),HOUR(B5)=HOUR(C5)),"Yes","No")
A6: mno-pqr-123 | B6: 44429.375 | C6: 44429.406 | D6: wrqy-juv-978 | E6: cms-abc-002 | F6: =IF(INT(B6)=INT(C6),"Yes","No") | G6: =IF(AND(INT(B6)=INT(C6),HOUR(B6)=HOUR(C6)),"Yes","No")
A7: stu-vwx-456 | B7: 44430.604 | C7: 44430.622 | D7: 8woh-k3u-23b | E7: cms-abc-003 | F7: =IF(INT(B7)=INT(C7),"Yes","No") | G7: =IF(AND(INT(B7)=INT(C7),HOUR(B7)=HOUR(C7)),"Yes","No")
A8: yza-bcd-789 | B8: 44431.427 | C8: 44432.458 | D8: wrqy-juv-978 | E8: cms-abc-004 | F8: =IF(INT(B8)=INT(C8),"Yes","No") | G8: =IF(AND(INT(B8)=INT(C8),HOUR(B8)=HOUR(C8)),"Yes","No")
A9: efg-hij-012 | B9: 44431.333 | C9: 44431.368 | D9: 9xyz-lmn-45p | E9: cms-abc-005 | F9: =IF(INT(B9)=INT(C9),"Yes","No") | G9: =IF(AND(INT(B9)=INT(C9),HOUR(B9)=HOUR(C9)),"Yes","No")
A10: klm-nop-345 | B10: 44432.542 | C10: 44433.375 | D10: wrqy-juv-978 | E10: cms-abc-006 | F10: =IF(INT(B10)=INT(C10),"Yes","No") | G10: =IF(AND(INT(B10)=INT(C10),HOUR(B10)=HOUR(C10)),"Yes","No")
A11: qrs-tuv-678 | B11: 44432.646 | C11: 44432.665 | D11: 8woh-k3u-23b | E11: cms-abc-007 | F11: =IF(INT(B11)=INT(C11),"Yes","No") | G11: =IF(AND(INT(B11)=INT(C11),HOUR(B11)=HOUR(C11)),"Yes","No")
A12: wxy-zab-901 | B12: 44433.323 | C12: 44433.333 | D12: 9xyz-lmn-45p | E12: cms-abc-008 | F12: =IF(INT(B12)=INT(C12),"Yes","No") | G12: =IF(AND(INT(B12)=INT(C12),HOUR(B12)=HOUR(C12)),"Yes","No")
A13: cde-fgh-234 | B13: 44433.458 | C13: 44434.417 | D13: wrqy-juv-978 | E13: cms-abc-009 | F13: =IF(INT(B13)=INT(C13),"Yes","No") | G13: =IF(AND(INT(B13)=INT(C13),HOUR(B13)=HOUR(C13)),"Yes","No")
A14: ijk-lmn-567 | B14: 44434.681 | C14: 44434.701 | D14: 8woh-k3u-23b | E14: cms-abc-010 | F14: =IF(INT(B14)=INT(C14),"Yes","No") | G14: =IF(AND(INT(B14)=INT(C14),HOUR(B14)=HOUR(C14)),"Yes","No")
A15: opq-rst-890 | B15: 44435.396 | C15: 44435.413 | D15: 9xyz-lmn-45p | E15: cms-abc-011 | F15: =IF(INT(B15)=INT(C15),"Yes","No") | G15: =IF(AND(INT(B15)=INT(C15),HOUR(B15)=HOUR(C15)),"Yes","No")
... A18: ghi-jkl-789 | B18: 44437.5 | C18: 44437.521 | D18: 9xyz-lmn-45p | E18: cms-abc-014 | F18: =IF(INT(B18)=INT(C18),"Yes","No") | G18: =IF(AND(INT(B18)=INT(C18),HOUR(B18)=HOUR(C18)),"Yes","No")
A20: Outlet-wise Summary
A21: outlet_id | B21: Total Tickets | C21: Same Day Count | D21: Same Hour Count
A22: 8woh-k3u-23b | B22: =COUNTIF(D4:D18,A22) | C22: =COUNTIFS(D4:D18,A22,F4:F18,"Yes") | D22: =COUNTIFS(D4:D18,A22,G4:G18,"Yes")
A23: 9xyz-lmn-45p | B23: =COUNTIF(D4:D18,A23) | C23: =COUNTIFS(D4:D18,A23,F4:F18,"Yes") | D23: =COUNTIFS(D4:D18,A23,G4:G18,"Yes")
A24: wrqy-juv-978 | B24: =COUNTIF(D4:D18,A24) | C24: =COUNTIFS(D4:D18,A24,F4:F18,"Yes") | D24: =COUNTIFS(D4:D18,A24,G4:G18,"Yes")
A26: Expected Results (Verification Reference)
A27: outlet_id | B27: Total | C27: SameDay | D27: SameHour
A28: 8woh-k3u-23b | B28: 5 | C28: 5 | D28: 4
A29: 9xyz-lmn-45p | B29: 4 | C29: 4 | D29: 4
A30: wrqy-juv-978 | B30: 6 | C30: 1 | D30: 1
A33: FORMULA NOTES
A34: Q1 — feedbacks!D (ticket_created_at): =IFERROR(INDEX(ticket!$B:$B, MATCH(A2, ticket!$E:$E, 0)), "Not Found")
A35: INDEX-MATCH used instead of VLOOKUP because cms_id (col E) is to the RIGHT of created_at (col B) in ticket sheet.
A36: VLOOKUP cannot look right-to-left; INDEX-MATCH works in any direction.
A37: Q2a — Same Day?: =IF(INT(created_at) = INT(closed_at), "Yes", "No") | INT() removes time, keeps date serial number.
A38: Q2b — Same Hour?: =IF(AND(INT(B)=INT(C), HOUR(B)=HOUR(C)), "Yes", "No") | Both same date AND same hour.
A39: Summary — COUNTIFS: =COUNTIFS(outlet_range, outlet_id, helper_col, "Yes") — counts only matching rows.
A40: IMPORTANT: Dates in ticket & analysis sheets are stored as real Excel datetime values (not text) so INT/HOUR work correctly.
